epoch,train_loss,val_loss,learning_rate,training_time
0,1.0221101205849876,0.03926022694114303,0.001,40.324490785598755
1,0.10324662828107421,0.12791076038551882,0.001,0.8327176570892334
2,0.06933862377218704,0.050784546493686814,0.001,0.8922924995422363
3,0.057133992566166164,0.02568885000618357,0.001,0.8630092144012451
4,0.054198361396272654,0.050299439531094677,0.001,0.9566895961761475
5,0.04929775457253439,0.03451755846167433,0.001,0.7858138084411621
6,0.04541625899523218,0.030231138156178335,0.001,0.9835939407348633
7,0.04548084038389565,0.024744607705648604,0.001,1.126758098602295
8,0.04444174905082906,0.02087696175427765,0.001,1.5146732330322266
9,0.045225912575249036,0.028941367847825812,0.001,0.9983229637145996
10,0.05031226029929875,0.023361941714830522,0.001,0.8930983543395996
11,0.04369685043031098,0.025959836949749123,0.001,4.545844554901123
12,0.04328439022417916,0.022780313867078617,0.001,0.8473737239837646
13,0.041495368061242245,0.03471394425397457,0.001,0.8096222877502441
14,0.04043845129910213,0.017458104129429067,0.001,0.8010725975036621
15,0.04111323251086512,0.018644342426117552,0.001,0.7516343593597412
16,0.042116339698682725,0.023274102358752994,0.001,0.7955029010772705
17,0.04045975749486638,0.023407159948001983,0.001,0.9247167110443115
18,0.04069827960132799,0.021720296462842483,0.001,1.6017260551452637
19,0.04191232581542275,0.022764783280842135,0.001,1.7447593212127686
20,0.04054168607937727,0.023452727326852812,0.001,0.9310591220855713
21,0.040457024418629264,0.02500028273373512,0.001,0.9289474487304688
22,0.04064720070525216,0.022034270367629973,0.001,1.0916953086853027
23,0.04099131197798645,0.02078868495434282,0.001,1.0481643676757812
24,0.04120188259683126,0.018627976884627504,0.001,0.852531909942627
25,0.04147164508303635,0.01959613632938101,0.001,0.9330508708953857
26,0.04175526894029675,0.02293506795855253,0.001,0.8551630973815918
27,0.04124181783824549,0.019940183297955928,0.001,0.8726224899291992
28,0.04060048783081787,0.02128296200443156,0.001,1.2429616451263428
29,0.042191127204344106,0.01844603870816451,0.001,1.2153563499450684
30,0.039097790615973356,0.017891923153220253,0.001,0.863551139831543
31,0.04145780316449778,0.016391196014087263,0.001,0.9204015731811523
32,0.04000006755647003,0.018061158966481635,0.001,0.8200380802154541
33,0.04074292026312538,0.017472019747780513,0.001,0.7565042972564697
34,0.040439664544785814,0.01863360875512215,0.001,0.8164060115814209
35,0.040590437795967216,0.017634114244010783,0.001,0.7934200763702393
36,0.03802440341583637,0.015082050297210789,0.001,0.9216644763946533
37,0.040280944597046536,0.015138351823574005,0.001,0.844355583190918
38,0.03984283441676862,0.015030159409187747,0.001,0.8766376972198486
39,0.04107233983014249,0.029202846258475617,0.001,1.0606544017791748
40,0.04372992168152914,0.02209635191794774,0.001,1.1311078071594238
41,0.039767603024199606,0.02414584820916314,0.001,0.8807272911071777
42,0.04202708025745906,0.015676178600365413,0.001,0.8820576667785645
43,0.03754046742206598,0.014811481939978095,0.001,0.9205451011657715
44,0.0407670823073367,0.014040823297652643,0.001,4.4333107471466064
45,0.03933671547439714,0.014561284029933752,0.001,0.7999956607818604
46,0.037057314612379225,0.013691482231572292,0.001,0.8513631820678711
47,0.0387798493923266,0.01404197932957821,0.001,0.7868392467498779
48,0.03954919435561097,0.013931297899048827,0.001,1.229499101638794
49,0.03886982261447244,0.013987195280525964,0.001,0.8599376678466797
50,0.03820876254154868,0.014684422667184375,0.001,0.811352014541626
51,0.03899561501419853,0.014457941643397738,0.001,0.7980663776397705
52,0.03352741148301927,0.015649376738927565,0.001,0.7396895885467529
53,0.03574094550240077,0.014071807219322253,0.001,0.7880842685699463
54,0.04112913394466204,0.014980350514312494,0.001,0.796053409576416
55,0.0389670335968181,0.014869743751505347,0.001,0.8020296096801758
56,0.03943193734004655,0.014241503968117611,0.001,0.8040335178375244
57,0.0387266614505797,0.014440830241715646,0.001,0.8749430179595947
58,0.03665138783694619,0.014940490739198977,0.001,0.7452065944671631
59,0.0432783860858254,0.015767165357143138,0.001,0.9976961612701416
60,0.03721767615902869,0.01449433625596492,0.001,0.8456394672393799
61,0.03864234306574005,0.013971245178645389,0.001,1.3176333904266357
62,0.03807395014400628,0.013949559146045641,0.001,0.945955753326416
63,0.036529470570247566,0.014428739123045332,0.001,0.8631980419158936
64,0.041453268191230394,0.01543300309370457,0.001,0.9369337558746338
65,0.037584156527868014,0.014490173606996136,0.001,0.8735411167144775
66,0.03857637635220732,0.01397210440602268,0.001,0.9377098083496094
67,0.040239756453242306,0.013968988058764521,0.001,0.8387494087219238
68,0.03816865267397284,0.013603077099882128,0.001,0.9703381061553955
69,0.03674164806246347,0.01399321405844567,0.001,0.8872342109680176
70,0.03932927437466699,0.014268539850610273,0.001,0.8276331424713135
71,0.03909139665957126,0.01438571502622736,0.001,0.7949392795562744
72,0.037521684337001274,0.014064267433652774,0.001,1.044447422027588
73,0.03896039716506776,0.014305966553724271,0.001,0.8003034591674805
74,0.038277624929087435,0.014165686305769153,0.001,0.9396078586578369
75,0.03749946284263997,0.014054443595126075,0.001,1.1588714122772217
76,0.04040888960548363,0.01451775863451894,0.001,0.909398078918457
77,0.03764398688305058,0.013837889621818032,0.001,1.4923691749572754
78,0.03687454850250975,0.014045194503941974,0.001,1.0890250205993652
79,0.03864363246241545,0.014388873329818136,0.001,4.4929609298706055
80,0.03760477883537257,0.014255281105717344,0.001,0.8374674320220947
81,0.037985225468048,0.013804136852457499,0.001,0.9285440444946289
82,0.037438109115259854,0.013445165837119346,0.001,1.1544902324676514
83,0.040669568857773716,0.013865420631040605,0.001,1.0908079147338867
84,0.038865442513464445,0.013650658584286667,0.001,0.8906853199005127
85,0.038168468780527834,0.013836176842385637,0.001,1.130000114440918
86,0.03623801138594859,0.013872623088878674,0.001,1.0262203216552734
87,0.03648688996638302,0.014272408384640924,0.001,1.2638168334960938
88,0.0375118576012005,0.014241550283947942,0.001,0.9757087230682373
89,0.036602225688248835,0.013838360722277367,0.001,1.0110459327697754
90,0.036889240415697085,0.014334467180750592,0.001,0.9150354862213135
91,0.037557065072804215,0.014582120618564537,0.001,0.7972030639648438
92,0.03801883474337676,0.014479392150667092,0.001,0.7710621356964111
93,0.03707852047777435,0.013980204091882753,0.001,0.7794079780578613
94,0.03848131386160229,0.014802136415888945,0.001,0.8879027366638184
95,0.03343307821956322,0.030346449733955807,0.001,0.9162137508392334
96,0.042195787881093905,0.029690513096850592,0.001,0.8754961490631104
97,0.041620434713213354,0.029331553146256958,0.001,0.8212759494781494
98,0.041625719604483316,0.029183073658509254,0.001,0.7809867858886719
99,0.04162105830977981,0.02818588580207177,0.001,0.8201584815979004
100,0.04103925739649048,0.025285825793689612,0.001,0.7805209159851074
101,0.03937637519642408,0.019384875581194606,0.001,0.7723371982574463
102,0.03899602982656349,0.0168969286277786,0.001,0.810305118560791
103,0.03892133682794925,0.0156599185242353,0.001,0.772087812423706
104,0.034815265729912136,0.03131136442741157,0.001,0.8275249004364014
105,0.04239424927548882,0.02993713744028263,0.001,0.7731297016143799
106,0.04204977711405702,0.02996919328098353,0.001,0.7929139137268066
107,0.04127945827586745,0.029767174292977528,0.001,0.7717742919921875
108,0.04224637334947609,0.029761817641307434,0.001,0.8324441909790039
109,0.041970886649606486,0.029490061472062384,0.001,0.8149423599243164
110,0.04182065272959443,0.02936964254879628,0.001,0.7476427555084229
111,0.04180386958284833,0.029528387284731797,0.001,0.7684426307678223
112,0.04216778110352366,0.02923978400417602,0.001,0.7594664096832275
113,0.04160906066349179,0.029260715615266275,0.001,0.7674586772918701
114,0.041315241529353786,0.029316874538078887,0.001,0.7848386764526367
115,0.04178520492474509,0.029340313398012748,0.001,0.7386548519134521
116,0.041452100407871006,0.029368971619455345,0.001,4.350973844528198
117,0.04130671165425273,0.029260001059244443,0.001,0.7665975093841553
118,0.04157439989570573,0.029304560128484387,0.001,0.7971868515014648
119,0.04149513116284335,0.029341597335067932,0.001,0.7791481018066406
120,0.041505544035732506,0.029371964315041035,0.001,0.8960566520690918
121,0.04141855589056231,0.02931079738487122,0.001,0.7411148548126221
122,0.041341338580381526,0.029482103426776478,0.001,0.7910771369934082
123,0.04146973972765253,0.029315448287104588,0.001,0.7501142024993896
124,0.041382476842579494,0.029302589332991777,0.001,0.7848646640777588
125,0.04163633453368573,0.02932574412050529,0.001,0.7974069118499756
126,0.04132857486161776,0.029190931599136535,0.001,0.7727358341217041
127,0.04123908458730783,0.02954890869972535,0.001,0.7266747951507568
128,0.04136650105357551,0.029402026418226337,0.001,0.7800400257110596
129,0.0415855051572468,0.029235278265723207,0.001,0.7652950286865234
130,0.041488577111825506,0.029330111201897244,0.001,0.9467136859893799
131,0.04141931143688178,0.029310225951561346,0.001,0.8528976440429688
132,0.041367303787102544,0.029304800064771742,0.001,0.8134901523590088
133,0.04128014763072122,0.029210469544585126,0.001,0.790571928024292
134,0.041400071230078404,0.029261425492480887,0.001,0.7872085571289062
135,0.04092730090923195,0.02925483199345141,0.001,0.8024251461029053
136,0.041490566111051744,0.02928623740812123,0.001,0.8002033233642578
137,0.04159990111068972,0.029345457871943273,0.001,0.7792797088623047
138,0.04131812475972204,0.02942839764838698,0.001,0.8009982109069824
139,0.04108321266611124,0.029278670319702233,0.001,0.7753324508666992
140,0.04149610353963934,0.029357830643249212,0.001,0.7397177219390869
141,0.04118543111425592,0.029502802788198983,0.001,0.7929003238677979
142,0.04140023023853555,0.029335768231520672,0.001,0.7817592620849609
143,0.04124835778242983,0.029396582456079103,0.001,0.8137779235839844
144,0.04123237610959376,0.029331728154884974,0.001,0.801966667175293
145,0.041528255423938364,0.029390384321143583,0.001,0.8726325035095215
146,0.04141876705172679,0.02900595270109578,0.001,0.772186279296875
147,0.04163986835033594,0.02073195331972313,0.001,0.810661792755127
148,0.040969641214474876,0.029528131334550612,0.001,0.9485046863555908
149,0.04069987461592986,0.015499416366015982,0.001,0.878345251083374
150,0.04163981130296467,0.02921008331795546,0.001,0.8162405490875244
151,0.041250457927040074,0.02886175245278029,0.001,1.1410713195800781
152,0.041056840762492455,0.019353511745028154,0.001,0.91758131980896
153,0.0378888239587512,0.014980646956689667,0.001,1.159285545349121
154,0.037019833224257157,0.014379771674024263,0.001,0.9276583194732666
155,0.040863853014572245,0.029830455891322327,0.001,4.643201589584351
156,0.04193658939390831,0.029279348806055476,0.001,0.9791114330291748
157,0.04109284384451696,0.029058258326327666,0.001,0.8839058876037598
158,0.04100748471164329,0.02833197052972035,0.001,0.9068970680236816
159,0.040656457001914434,0.01631022528475494,0.001,0.8268063068389893
160,0.03850962429511395,0.015911341412651978,0.001,0.740241289138794
161,0.03922811078118105,0.014842062273290792,0.001,0.8523228168487549
162,0.03785219573918014,0.014291811052768062,0.001,0.8367700576782227
163,0.03720433429518405,0.014465454235614388,0.001,0.8466920852661133
164,0.039973893406857273,0.02762801060205252,0.001,0.8355247974395752
165,0.04172913952315364,0.017446554481170166,0.001,0.8694438934326172
166,0.037591203052130664,0.014704840262516004,0.001,0.874659538269043
167,0.038086195006505834,0.014509037777540895,0.001,0.9296932220458984
168,0.03729253158687336,0.014609739193996113,0.001,0.7820734977722168
169,0.03890856058343446,0.02928526902373557,0.001,0.8925068378448486
170,0.041772762462090246,0.029339334905726426,0.001,0.8519001007080078
171,0.041212379545768195,0.029308381771383514,0.001,0.8834414482116699
172,0.0416705229141546,0.0267014587091732,0.001,0.9085910320281982
173,0.03780762486182581,0.016800451894613225,0.001,0.9301788806915283
174,0.036407506308052284,0.008762015831776469,0.001,0.9990358352661133
175,0.04030896580677105,0.013427267243652554,0.001,0.8890507221221924
176,0.03795297281584476,0.013949883271380073,0.001,0.8560593128204346
177,0.038432500518163694,0.014585354341238676,0.001,0.8349151611328125
178,0.03838284336472847,0.01457884255886007,0.001,0.804131269454956
179,0.03771950167726341,0.014274632426048959,0.001,0.849118709564209
180,0.037789703251218734,0.013939107591579623,0.001,0.8654642105102539
181,0.03763916510172653,0.014184407614265019,0.001,0.8547208309173584
182,0.03638733392252502,0.013225429755684208,0.001,0.760878324508667
183,0.033426828945396087,0.030306915823205664,0.001,0.8423409461975098
184,0.026297211107025528,0.012839983572305444,0.001,0.8903481960296631
185,0.024081627790275447,0.012921621786851197,0.001,0.9194636344909668
186,0.01963817096083094,0.009772880773044007,0.001,0.9035313129425049
187,0.03908090477918771,0.012679926473984613,0.001,0.9077000617980957
188,0.03674755967805496,0.013349076986471581,0.001,1.1531956195831299
189,0.036460646608295094,0.013159055988664218,0.001,1.6454954147338867
190,0.032128135676175985,0.012305735090941544,0.001,4.538895606994629
191,0.033457270515894845,0.012294588230712352,0.001,0.8373596668243408
192,0.030384996354859393,0.009485779452874142,0.001,0.8997788429260254
193,0.0230323005375057,0.008508452779825227,0.001,0.7901484966278076
194,0.03735387816644939,0.031007821612475124,0.001,0.8384475708007812
195,0.04213068243546461,0.029375875245866625,0.001,0.9513778686523438
196,0.041270765517655426,0.028959547105429594,0.001,0.8190145492553711
197,0.04122723511686858,0.0272979692810442,0.001,0.9589962959289551
198,0.03964549445451802,0.022252345118673158,0.001,0.8934738636016846
199,0.04015883364519422,0.01669817820367973,0.001,0.8050370216369629
200,0.033060531680306406,0.01241416376622333,0.001,0.8305928707122803
201,0.028440796784864296,0.0072006439063752375,0.001,1.1132681369781494
202,0.023223816895569103,0.008355176787270373,0.001,0.8020725250244141
203,0.02051472235995138,0.009921016735361483,0.001,0.9571206569671631
204,0.020727252747003027,0.00738309009177919,0.001,0.9872362613677979
205,0.019727412744165757,0.008042688831118607,0.001,0.831958532333374
206,0.017387075030180082,0.008638206920377138,0.001,0.9441888332366943
207,0.015086750444106362,0.015330290574843444,0.001,0.8743565082550049
208,0.01696087947843283,0.008118125051611752,0.001,0.8888554573059082
209,0.017521591977074254,0.0075375724517483785,0.001,1.0272269248962402
210,0.013230690930783875,0.007532827436111533,0.001,0.8464553356170654
211,0.014093576219830482,0.008380564744037835,0.001,0.8525702953338623
212,0.013734845273394162,0.016214734942915848,0.001,0.8766617774963379
213,0.012588529648901298,0.02038564204334172,0.001,0.9838428497314453
214,0.012091368309342779,0.024032442009376827,0.001,0.9586591720581055
215,0.016149146875282714,0.01211232820513359,0.001,1.1670315265655518
216,0.01050424289653922,0.017080505305556784,0.001,0.9505021572113037
217,0.010982074445296433,0.0073270217494243155,0.001,1.0159389972686768
218,0.010676156784308619,0.015694047489396963,0.001,1.1247916221618652
219,0.00903038170526723,0.008834924729949695,0.001,1.003295660018921
220,0.010313752694368123,0.009499676608758828,0.001,0.9240524768829346
221,0.008362178197082572,0.008337342759718164,0.001,0.9442479610443115
222,0.009980129737837021,0.01675125019995016,0.001,0.8712053298950195
223,0.013021278554395476,0.007703492678312304,0.001,0.831575870513916
224,0.013011987887350956,0.00944355849409739,0.001,0.8723599910736084
225,0.010012107579610989,0.01363187283967637,0.001,4.464514255523682
226,0.00915808938063003,0.008854869803485427,0.001,0.8425917625427246
227,0.007734784355236721,0.011620702437823078,0.001,0.8773870468139648
228,0.00972528410255298,0.00966587325649922,0.001,0.8847832679748535
229,0.008994862607168723,0.01517808135899659,0.001,0.8617937564849854
230,0.007980518076633492,0.012878273465239048,0.001,0.8404121398925781
231,0.006819261174525989,0.011659819876073401,0.001,0.866180419921875
232,0.00943896178013031,0.007990085052584977,0.001,0.7424743175506592
233,0.007377738365339972,0.01214153958863511,0.001,0.833996057510376
234,0.0075560063317583895,0.009720136803546858,0.001,0.7553513050079346
235,0.010497916108390532,0.015256188850888586,0.001,0.7926015853881836
236,0.007384390219810946,0.011599955137473325,0.001,0.7482564449310303
237,0.012528916903446591,0.01503011896936683,0.001,0.8680140972137451
238,0.015411135646303493,0.0077571035594839605,0.001,0.8498616218566895
239,0.014129126807387909,0.00805661458315303,0.001,0.7892861366271973
240,0.01003172000396912,0.008830699754854352,0.001,0.8044853210449219
241,0.010679801107432496,0.012686731683403932,0.001,0.8169846534729004
242,0.011162955381290536,0.018374200920362557,0.001,0.9298756122589111
243,0.009146166288068266,0.012675536109583947,0.001,0.8117842674255371
244,0.007817425551141613,0.013356584735404893,0.001,0.9778549671173096
245,0.009629920127582658,0.0108668330037679,0.001,0.8263146877288818
246,0.006893886038803332,0.01993207648501881,0.001,1.205502986907959
247,0.009978104947225645,0.008828555634293115,0.001,0.8500266075134277
248,0.006360042211635858,0.010236281598689164,0.001,0.850839376449585
249,0.009775969870076309,0.009952121218019945,0.001,0.8146700859069824
250,0.0068788904349172,0.008208745341405832,0.001,0.8629064559936523
251,0.006600523049570187,0.008670301294950337,0.001,0.9679327011108398
252,0.006216713099674915,0.012368239795895375,0.001,0.8723113536834717
253,0.006358297496968179,0.013805253031333927,0.001,0.8229985237121582
254,0.00914845867308605,0.007549081888714463,0.001,0.8212699890136719
255,0.007659749274947889,0.008649735888416684,0.001,0.8008525371551514
256,0.007805368006307839,0.00999324216180151,0.001,0.7716948986053467
257,0.005801984315909687,0.009250320374144605,0.001,0.8538217544555664
258,0.005913985534144346,0.019754563036555428,0.001,0.7959752082824707
259,0.006214042092418183,0.017584090553064095,0.001,0.7694253921508789
260,0.007914758476765555,0.007660698649721719,0.001,0.8234372138977051
261,0.006862691123846282,0.011747850281694974,0.001,0.7911100387573242
262,0.007316811626428532,0.010247177986544505,0.001,0.7533423900604248
263,0.006901781467099553,0.011810209183239993,0.001,4.403217792510986
264,0.006067072349571451,0.007917242120776432,0.001,0.9977037906646729
265,0.006901134170208629,0.006647867537109675,0.001,0.9334225654602051
266,0.005496882807579516,0.007110936961010219,0.001,0.7945823669433594
267,0.0060437353073935565,0.00979846696563761,0.001,0.8813595771789551
268,0.007227777727820153,0.01056746902886867,0.001,0.8850932121276855
269,0.005853067433373171,0.006040905440456703,0.001,0.8759174346923828
270,0.005222587527240514,0.005173226820084241,0.001,0.8397707939147949
271,0.007361147744229758,0.008051344080649354,0.001,0.8550112247467041
272,0.0067666838989807795,0.009750390508375388,0.001,0.8272964954376221
273,0.00499680229932259,0.010375272987088175,0.001,0.803755521774292
274,0.005867836826292989,0.010316415040289417,0.001,0.9605085849761963
275,0.003850919045430876,0.006218484308957899,0.001,0.9139471054077148
276,0.009052040954556298,0.011281751081098185,0.001,1.0943477153778076
277,0.005990456813001711,0.01578889761484564,0.001,0.9564824104309082
278,0.006141666051641844,0.005426609935741626,0.001,0.9570026397705078
279,0.005333051164799596,0.008721262825259807,0.001,0.870941162109375
280,0.006528861794882961,0.009776501775723282,0.001,0.8519132137298584
281,0.008295447629001078,0.011873600792705627,0.001,0.9733419418334961
282,0.007621522728467563,0.005200220431018897,0.001,0.9494569301605225
283,0.005755595884449611,0.005176018091037792,0.001,1.0921952724456787
284,0.005212795541240282,0.005491484091832473,0.001,1.2041308879852295
285,0.006623815367840019,0.009509928331619207,0.001,1.118356704711914
286,0.0041100341541429695,0.0056157379509069166,0.001,1.007680892944336
287,0.00497792415912896,0.0040112303782959555,0.001,0.9605112075805664
288,0.00378053623344999,0.010969277586846815,0.001,0.8451590538024902
289,0.005985173797200809,0.00607076483921586,0.001,0.8969573974609375
290,0.008445916342812786,0.009795562748990757,0.001,0.7852144241333008
291,0.004491543607047603,0.005572324639340194,0.001,0.89813232421875
292,0.007284483053981592,0.004917312681285233,0.001,0.846259355545044
293,0.006494111508315096,0.005387738772442795,0.001,0.9219369888305664
294,0.005654059813617611,0.01235799046022906,0.001,0.8329122066497803
295,0.005028822649007629,0.005651447741847836,0.001,0.8849339485168457
296,0.004709868968438981,0.005056785045404472,0.001,0.9548680782318115
297,0.0061905128266163435,0.011817700789033714,0.001,0.9273946285247803
298,0.006459720765127361,0.01137298115266039,0.001,4.502071857452393
299,0.004693685635521661,0.006385099443024033,0.001,0.8155927658081055
300,0.005251214311979943,0.007340957689571235,0.001,0.7700304985046387
301,0.005951822818672902,0.008935289448400866,0.001,0.8221750259399414
302,0.007032091831446898,0.00622004168956944,0.001,0.9461202621459961
303,0.006251300386642777,0.012921325101512346,0.001,0.919191837310791
304,0.005159361473314829,0.007216307923326997,0.001,0.9328432083129883
305,0.005027860177269031,0.006991684144882162,0.001,1.089228868484497
306,0.0029390071518031664,0.009959927427935649,0.001,0.8257341384887695
307,0.0066231637698234615,0.005278215528722544,0.001,0.8949935436248779
308,0.0037801778950126196,0.007880816278336878,0.001,0.9011874198913574
309,0.00836225365575759,0.010745690120475708,0.001,0.8240745067596436
310,0.006430776391068207,0.01436415420002453,0.001,0.785897970199585
311,0.007041799300910135,0.0070197980409120045,0.001,0.8950822353363037
312,0.005608900746343738,0.005541667420021005,0.001,0.8293259143829346
313,0.003987264837825326,0.009698851064864119,0.001,0.77298903465271
314,0.004243541362306258,0.005175709703154256,0.001,0.8201019763946533
315,0.00655711923273233,0.009459369798876514,0.001,0.7893767356872559
316,0.004838293450372807,0.00434034197015974,0.001,0.8287343978881836
317,0.005428094743469705,0.006031936306872851,0.001,0.7907669544219971
318,0.0064942962224766,0.007913246711804964,0.001,0.7981908321380615
319,0.0038953905877319073,0.009180408226877934,0.001,0.7801992893218994
320,0.0051368051972009365,0.005175503378691307,0.001,0.8365802764892578
321,0.0032198411654281145,0.005196265812617378,0.001,0.7495450973510742
322,0.006554955453225411,0.005378120113193398,0.001,0.7936651706695557
323,0.008134485293711923,0.004992377392240173,0.001,0.797940731048584
324,0.006629778643848058,0.004426120888747311,0.001,0.8186628818511963
325,0.00416658484194424,0.005884600256972319,0.001,0.9115874767303467
326,0.005346419962407945,0.00843380614071123,0.001,0.9029848575592041
327,0.004649993497884028,0.0038540244113041233,0.001,1.089716911315918
328,0.004952916970973016,0.005397231201131229,0.001,1.0987296104431152
329,0.01114905060311036,0.009992808398302331,0.001,0.8742530345916748
330,0.004827331417562733,0.0036703600541903502,0.001,0.7665989398956299
331,0.0038304092931585355,0.005125825777609504,0.001,0.8974378108978271
332,0.008258969698557798,0.003810260416163206,0.001,0.7831976413726807
333,0.004081016461473171,0.003305941270420953,0.001,0.7741489410400391
334,0.0028348607196206715,0.0030259668309724134,0.001,0.7718315124511719
335,0.008215013872949505,0.0049525509414242615,0.001,4.380831003189087
336,0.004064546174460374,0.0036044139862633014,0.001,0.8160679340362549
337,0.004549901453294471,0.004850294158639009,0.001,0.9745478630065918
338,0.0026686445110725683,0.003906436499280241,0.001,0.7731034755706787
339,0.005166272056516221,0.008754027530617822,0.001,0.946209192276001
340,0.00387184712566611,0.009610079214926426,0.001,0.7745623588562012
341,0.004191300680391766,0.003519797809276681,0.001,0.7800464630126953
342,0.003955091390235361,0.003848193492117613,0.001,0.8132150173187256
343,0.005136566753820018,0.005084296801118505,0.001,0.7755775451660156
344,0.004762124722571716,0.0047850541492844316,0.001,0.7527680397033691
345,0.0038709847511424656,0.017075196491919367,0.001,0.8063514232635498
346,0.003932895210308496,0.010262302711478561,0.001,0.7773346900939941
347,0.0035896190361160087,0.004499380278467229,0.001,0.8009977340698242
348,0.0040363404208121735,0.003406166165065291,0.001,1.046154499053955
349,0.004116207127166992,0.005549739084493212,0.001,0.8899362087249756
350,0.00567614281004513,0.007668619611163866,0.001,0.8576457500457764
351,0.004823295017780079,0.003712123390905295,0.001,0.8527779579162598
352,0.004739462794288542,0.0025415225851460987,0.001,0.9333891868591309
353,0.004415023836887931,0.003881052444732594,0.001,0.8442423343658447
354,0.002958499024131877,0.003151315271095793,0.001,0.8963558673858643
355,0.002927804552406369,0.005204652475412001,0.001,0.9787096977233887
356,0.002763645458548675,0.003397901961373112,0.001,0.8137967586517334
357,0.005410564189654879,0.0070313273227675405,0.001,0.7820999622344971
358,0.00495192922090964,0.0032618977847933372,0.001,0.7732398509979248
359,0.0041006109808301465,0.0037170065662800234,0.001,0.942579984664917
360,0.005660635897595232,0.005293797017367776,0.001,0.7879014015197754
361,0.004801120914850849,0.007284690562863285,0.001,0.9301362037658691
362,0.004803040442902563,0.004071730308988993,0.001,0.8763277530670166
363,0.0038877819055395156,0.003386932826337832,0.001,0.8532757759094238
364,0.003075495897586463,0.002819087848723733,0.001,0.8234739303588867
365,0.004198805353503254,0.0033313429208542107,0.001,0.9211645126342773
366,0.004065118719211019,0.003897537035571496,0.001,0.8794949054718018
367,0.006187047758662679,0.008565628204213327,0.001,0.9037899971008301
368,0.008830813731717806,0.0034390316134514367,0.001,0.8092215061187744
369,0.005230148892382359,0.007313176697652453,0.001,0.9242050647735596
370,0.005043661278833226,0.005429482288504719,0.001,0.7940523624420166
371,0.005585954584373949,0.004847770838593524,0.001,0.7989323139190674
372,0.004226337680228903,0.010826727199176791,0.001,0.7913341522216797
373,0.0036611080863203664,0.0052373793578262,0.001,4.375574111938477
374,0.0050297126952815775,0.009071126946633399,0.001,0.7952218055725098
375,0.0033733419350288857,0.00886394352474156,0.001,0.8092515468597412
376,0.0035623098894532524,0.0061646405414963,0.001,0.8927955627441406
377,0.004664685166030383,0.011708672158024442,0.001,0.8710174560546875
378,0.003998238656110615,0.007499998488724738,0.001,0.9359750747680664
379,0.003429534698686374,0.0025837442640575044,0.001,0.8358118534088135
380,0.004062960432288243,0.005842817294426368,0.001,0.8213765621185303
381,0.0029499502388593986,0.00921230718160564,0.001,0.7628891468048096
382,0.0033569700816595944,0.005106672289644083,0.001,0.7943558692932129
383,0.0032035577380260367,0.004994479713990492,0.001,0.750403881072998
384,0.003123879095844439,0.004019498070254652,0.001,0.790428638458252
385,0.003362701907025272,0.005645511047367231,0.001,0.7750256061553955
386,0.010573685863821609,0.003933352081414239,0.001,0.7581210136413574
387,0.006896665100296625,0.004807985722066104,0.001,0.765514612197876
388,0.0033739119698400905,0.0030774584709551893,0.001,0.7962052822113037
389,0.003482708294854749,0.004467158073606248,0.001,0.8144199848175049
390,0.0024237964487246154,0.005732828086638584,0.001,0.8040003776550293
391,0.00357702973973176,0.006233042789844605,0.001,0.807154655456543
392,0.002498913444695808,0.002896235053077839,0.001,0.8356430530548096
393,0.004221786710353254,0.00890786637014271,0.001,0.760563850402832
394,0.004459625211822447,0.0031227948421995596,0.001,0.7552354335784912
395,0.0023063010053976547,0.003275842275980834,0.001,0.7908663749694824
396,0.002656858143118615,0.004653423920203359,0.001,0.7589850425720215
397,0.0022195386637412335,0.0032392821062274674,0.001,0.7358238697052002
398,0.0033637023786955407,0.003160091502404824,0.001,0.8227109909057617
399,0.0027756574187684513,0.00840657333650923,0.001,0.7702391147613525
400,0.005274798793735646,0.0026965957436327517,0.001,0.8098292350769043
401,0.0043866171822877645,0.008890529521853147,0.001,0.8211126327514648
402,0.004712404589891974,0.0020260515083790525,0.001,0.7773094177246094
403,0.00262356641365077,0.0013232112752053998,0.001,0.8934798240661621
404,0.002173697919839822,0.0033205438432760397,0.001,0.8031594753265381
405,0.002051709718308604,0.0021393532751728993,0.001,0.8110659122467041
406,0.0024503564429765715,0.004503449377851635,0.001,0.741147518157959
407,0.003071262729446883,0.006600618768320008,0.001,0.9250659942626953
408,0.0017355073307188942,0.004313290460003525,0.001,0.7921156883239746
409,0.006468644955046894,0.003174831326571024,0.001,0.8184468746185303
410,0.012321330722190589,0.002084478550294986,0.001,1.147998571395874
411,0.007862072180278165,0.0032718028802288406,0.001,0.95754075050354
412,0.007379484016352853,0.00423216361085538,0.001,4.568522930145264
413,0.005195656478795318,0.003481266981474013,0.001,0.8875150680541992
414,0.007563043862771664,0.0053309829367120375,0.001,0.9332780838012695
415,0.0031881348114750447,0.004339245044860071,0.001,0.8779451847076416
416,0.003149119084108555,0.005803974929751533,0.001,1.7838873863220215
417,0.0032134628779993363,0.005132030643685731,0.001,1.3254120349884033
418,0.0022575277586424497,0.0027317401300574113,0.001,2.3115830421447754
419,0.003507308143588192,0.005082025801605506,0.001,1.1786224842071533
420,0.0023837494400826453,0.0043368976371468155,0.001,1.1226165294647217
421,0.004402692989585968,0.017806404620970172,0.001,0.8502485752105713
422,0.01085877196931879,0.012363136274688765,0.001,0.8161356449127197
423,0.004587263858147814,0.0016857474079788079,0.001,0.9066104888916016
424,0.004017522863034095,0.0038062488479311406,0.001,0.8605575561523438
425,0.0055892109761729895,0.0047475468122512516,0.001,0.8809716701507568
426,0.0022289429171139957,0.008603777370787553,0.001,0.8765983581542969
427,0.003250929103518227,0.0032258350670409525,0.001,0.8426661491394043
428,0.0020920059707939037,0.0028833962101805655,0.001,0.8409228324890137
429,0.002719846222171838,0.00749668142860498,0.001,0.8956453800201416
430,0.0034228424272221107,0.005993178606708957,0.001,0.9048385620117188
431,0.004161705971651524,0.001795446771019228,0.001,0.9844870567321777
432,0.0034467786651078665,0.012445694786757748,0.001,0.7763442993164062
433,0.00263392208894543,0.003982701474602533,0.001,0.9642868041992188
434,0.004620607132888279,0.002938354243543265,0.001,0.7873866558074951
435,0.0037973991700005734,0.002868894013609614,0.001,0.8095381259918213
436,0.0025462972251475984,0.006138550289230896,0.001,0.8133985996246338
437,0.008280217158945473,0.002498763946185955,0.001,0.8815884590148926
438,0.006165217100621773,0.008738225952425661,0.001,0.7937281131744385
439,0.0036145844615754906,0.003031343538677358,0.001,0.7535679340362549
440,0.003833941529213958,0.004636380990243183,0.001,0.7942590713500977
441,0.0028525062465127194,0.002733727339538557,0.001,0.8300907611846924
442,0.0027045392908693696,0.006415268653555025,0.001,0.8492064476013184
443,0.003219535366009774,0.0029534307080201416,0.001,0.7794299125671387
444,0.004235404549338462,0.0034097043608684045,0.001,0.9019198417663574
445,0.0033435675599662574,0.0025970142387567504,0.001,4.406078577041626
446,0.004679547187530017,0.0006589153485710978,0.001,0.7387781143188477
447,0.0029495868347981322,0.0021080893382883423,0.001,0.7863795757293701
448,0.0056469851959180485,0.003555824101749212,0.001,0.7958667278289795
449,0.0038421140320514698,0.01683085961472185,0.001,0.7833003997802734
450,0.005226723894260111,0.0033059068686734686,0.001,0.7710154056549072
451,0.004033204317978669,0.008474570543150668,0.001,0.8621680736541748
452,0.003259215767911576,0.004641060014067983,0.001,0.8331916332244873
453,0.004531901231920301,0.006160856455424891,0.001,1.036738634109497
454,0.0046904368418413745,0.002877912411411699,0.001,0.7801690101623535
455,0.003244212144384305,0.015553070493547093,0.001,0.8472654819488525
456,0.0024363217026247084,0.0028626504568558643,0.001,0.7623653411865234
457,0.002200136510981064,0.002235635176838511,0.001,0.7705504894256592
458,0.0025327175063245815,0.004160999597189013,0.001,0.8252780437469482
459,0.0020424177160090935,0.004080026751483863,0.001,0.7940247058868408
460,0.0025453292896040675,0.0031218025488795598,0.001,0.7902712821960449
461,0.0026998827174016214,0.0036384008387418346,0.001,0.7949695587158203
462,0.0050326736465463,0.0026910734179714088,0.001,0.8163948059082031
463,0.003638393903958673,0.002915416009968987,0.001,0.8407061100006104
464,0.002775580523520208,0.003173625362433313,0.001,0.9177451133728027
465,0.0018887664256548578,0.004183470394457592,0.001,0.7709271907806396
466,0.0047752564391119814,0.0014461888612099167,0.001,0.8201463222503662
467,0.0026336902441590503,0.003022927992370954,0.001,0.7784957885742188
468,0.00437886925273187,0.002553097902182689,0.001,0.8178026676177979
469,0.002913462578653478,0.0020322196518837757,0.001,0.7685213088989258
470,0.0028998814829989863,0.002394743072052304,0.001,0.7671363353729248
471,0.003510489168702006,0.002466376926870262,0.001,0.8067681789398193
472,0.0032548221395962335,0.0023778353158180904,0.001,0.792522668838501
473,0.0035653709483127296,0.0018459818729808406,0.001,0.8373386859893799
474,0.0018394290230795013,0.0028899714046129476,0.001,0.7878634929656982
475,0.002287781063897803,0.0014458289709658114,0.001,0.8165934085845947
476,0.0024882027202268926,0.0023379178748865847,0.001,0.8094058036804199
477,0.003148642048687038,0.0054250757025276364,0.001,0.8087737560272217
478,0.00453570419683668,0.010791635037971517,0.001,0.7688851356506348
479,0.011081942405298455,0.007673408831897466,0.001,0.8005130290985107
480,0.007719397247186377,0.003890842491389859,0.001,0.7693560123443604
481,0.005907083548129407,0.002070710934020281,0.001,0.8339247703552246
482,0.0028930327935967025,0.0031946523237389515,0.001,0.7840824127197266
483,0.0033536060769781676,0.0053515619447714186,0.001,0.9706113338470459
484,0.005214916757956338,0.005216081492333639,0.001,4.466804027557373
485,0.003586453555784906,0.0026861426212869124,0.001,0.873560905456543
486,0.004339640427276808,0.002567551557743438,0.001,0.8844950199127197
487,0.00250506242397375,0.002155135192382909,0.001,0.895052433013916
488,0.003244738953301076,0.003346231292227687,0.001,0.939185380935669
489,0.002531672917228712,0.004217225655473097,0.001,0.9981949329376221
490,0.004649025682771653,0.0033701821012145643,0.001,1.073106050491333
491,0.0027473196787532028,0.0036317207431551483,0.001,0.954571008682251
492,0.0030002219657859776,0.003322124272398618,0.001,1.3000600337982178
493,0.0019906296490190497,0.003214471667956678,0.001,0.8298420906066895
494,0.0027375943272336337,0.003803770362883402,0.001,1.1177301406860352
495,0.0029349731909081573,0.009718548382838012,0.001,1.097357988357544
496,0.002529896862800407,0.009214870452658081,0.001,0.8626902103424072
497,0.002953693268991344,0.0027334891014341232,0.001,0.9701082706451416
498,0.004386403657456977,0.004349504403407999,0.001,0.87312912940979
499,0.0037732745753460677,0.00867186925063505,0.001,0.9035427570343018
500,0.00315473822125068,0.0018835520244959718,0.001,0.8370451927185059
501,0.004123951152435219,0.005888492680414068,0.001,0.8558588027954102
502,0.003168196777311921,0.0017611235510799346,0.001,0.8173651695251465
503,0.0028069390928306846,0.0025853797930860327,0.001,0.8630270957946777
504,0.002118024253153841,0.005583375470137547,0.001,0.889235258102417
505,0.003421541938837103,0.003186530676998344,0.001,0.9464714527130127
506,0.0022587081210209054,0.0022459723048084664,0.001,0.7562718391418457
507,0.0022263251301953097,0.0022270806054961864,0.001,0.7589600086212158
508,0.0027652192189976015,0.006880619046774584,0.001,0.8528017997741699
509,0.0029077083683267707,0.004570744515433967,0.001,0.9662415981292725
510,0.002493199480359394,0.0036771214011440457,0.0005,0.9331943988800049
511,0.0025166152644217894,0.0018500567067712794,0.0005,0.803001880645752
512,0.0015444698031756596,0.0018265749327575414,0.0005,0.8021190166473389
513,0.0014119969462740487,0.001833962059066256,0.0005,0.8139002323150635
514,0.0013748931243906695,0.0022131213944934875,0.0005,0.7733113765716553
515,0.0018006711803064276,0.0016266545236966973,0.0005,0.8012697696685791
516,0.0012755725529244389,0.0017529347611962025,0.0005,0.7907767295837402
517,0.0017177042298162535,0.003123442529442454,0.0005,0.7563457489013672
518,0.0014925876463861198,0.002855218996828428,0.0005,0.7472648620605469
519,0.0014772355368663833,0.002155339298517758,0.0005,0.7885379791259766
520,0.001455257015036557,0.0019330513221220143,0.0005,4.372276782989502
521,0.0016754074217161215,0.0024923068967230223,0.0005,0.9528687000274658
522,0.001166341234959284,0.00287848542327135,0.0005,0.9035248756408691
523,0.0016838866519929905,0.0032154059799337133,0.0005,0.7664127349853516
524,0.0014647940332398826,0.008153467611930467,0.0005,0.7873423099517822
525,0.0016153132253293623,0.0032955870458180867,0.0005,0.7863013744354248
526,0.0016705329254479279,0.0017099814287245523,0.0005,0.7875785827636719
527,0.0013004467988406577,0.0021885383552163215,0.0005,0.8583292961120605
528,0.0013025857079796835,0.0019491166146806003,0.0005,0.7782266139984131
529,0.0033648356151173824,0.0016818823870259965,0.0005,0.7663750648498535
530,0.001970720264277459,0.0018611895057616846,0.0005,0.7462131977081299
531,0.0010900984527540463,0.0024084544997947416,0.0005,0.7743759155273438
532,0.0019156441147446977,0.0019419444018165721,0.0005,0.7847931385040283
533,0.001390932438554119,0.002174696752288103,0.0005,0.7728452682495117
534,0.0012357039480086842,0.004225309427210315,0.0005,0.8363542556762695
535,0.0013954960828401245,0.0025270518812651192,0.0005,0.8915390968322754
536,0.002003319947033452,0.002886813725337028,0.0005,0.8299541473388672
537,0.0012730683156609013,0.001984887853158407,0.0005,0.8934249877929688
538,0.0012653817450856977,0.002350049975856933,0.0005,0.9862847328186035
539,0.0013505271021032252,0.0021868227843833783,0.0005,1.043271541595459
540,0.001960423168449258,0.001954454759757004,0.0005,1.5788638591766357
541,0.0016204139377551721,0.0023931731576828366,0.0005,0.842775821685791
542,0.0013700700480995154,0.002135506681988444,0.0005,0.8577818870544434
543,0.0026115520026418126,0.0019458267352615772,0.0005,0.849827766418457
544,0.0017045944490296297,0.002436202283029505,0.0005,0.7714455127716064
545,0.001987235808457127,0.002052272728419408,0.0005,0.7615749835968018
546,0.0030948825065313114,0.0021825797217323553,0.0005,0.8507075309753418
547,0.0013339218725670846,0.002799745948115042,0.0005,0.8022449016571045
548,0.0017704085016351978,0.0022292054586434914,0.0005,0.8554775714874268
549,0.001537451186577958,0.0033556819812464002,0.0005,0.9834268093109131
550,0.0013186759558318697,0.0018835072423044848,0.0005,0.9207949638366699
551,0.0016668727995203462,0.0018416337351497326,0.0005,0.9107012748718262
552,0.0010555090179380803,0.0021039164054338583,0.0005,0.9124705791473389
553,0.0013613519984314278,0.0024584530283557394,0.0005,1.3510959148406982
554,0.0017492803286856403,0.002442894116381449,0.0005,1.1169240474700928
555,0.001658589706456907,0.002281683093310925,0.0005,1.093688726425171
556,0.0015606173954524547,0.0032734270079748692,0.0005,4.750147104263306
557,0.0019768729391668946,0.0029101317903692738,0.0005,0.8370797634124756
558,0.0012692599245402807,0.0021400938178376084,0.0005,0.8421716690063477
559,0.0015800185057538974,0.005830960813956429,0.0005,0.7896149158477783
560,0.0020621757150250364,0.002138675599694751,0.0005,0.7766444683074951
561,0.0015997837524211942,0.0019126445226586048,0.0005,0.8002457618713379
562,0.0014529799306909194,0.0018302492587977434,0.0005,0.7943768501281738
563,0.002007502384796499,0.0021786894425514882,0.0005,0.7664179801940918
564,0.0009257898442589265,0.0024011893982922986,0.0005,0.7782707214355469
565,0.0014682512380769118,0.001326305312064498,0.0005,0.7760162353515625
566,0.0013234837778529373,0.0018012006262566028,0.0005,0.7619197368621826
567,0.0012410348440833933,0.0025499524111021275,0.0005,0.7753329277038574
568,0.0013334904600882506,0.0022062398891310384,0.0005,0.8244020938873291
569,0.0018439600632542943,0.001836670300442219,0.0005,0.803354024887085
570,0.0016831955332184565,0.0027909097515389798,0.0005,0.7707922458648682
571,0.0016468877125186728,0.0023114943104083608,0.0005,0.7424983978271484
572,0.0014428305183735038,0.0020552641221141888,0.0005,0.7715797424316406
573,0.0015921428558562903,0.0015325923163074591,0.0005,0.8090364933013916
574,0.0015828498838526216,0.002962836432805267,0.0005,0.7771868705749512
575,0.001986790793088568,0.002728508652181121,0.0005,0.8159704208374023
576,0.0015283783659579262,0.0019670711984032265,0.0005,0.7970499992370605
577,0.0020104457796168147,0.002416846173496706,0.0005,0.8032104969024658
578,0.0011155365815954743,0.005577012002240521,0.0005,0.7586479187011719
579,0.0021656495273151893,0.0027601629267696224,0.0005,0.814333438873291
580,0.0018748134941988636,0.0019536266104047692,0.0005,0.8024661540985107
581,0.0019479763026854918,0.002805917471527512,0.0005,0.7953433990478516
582,0.0012989612498853188,0.0016974361050456882,0.0005,0.7796769142150879
583,0.0017573084296778126,0.0024117949578516835,0.0005,0.779653787612915
584,0.001367585668125491,0.0032115028344441524,0.0005,0.8061773777008057
585,0.0022464636900685238,0.001976110470540578,0.0005,0.8512146472930908
586,0.0009277258171334437,0.0020943731146729344,0.0005,0.8031837940216064
587,0.0016004091283198713,0.002935833572408307,0.0005,0.7512171268463135
588,0.0038778694667608482,0.00348988914745759,0.0005,0.8090100288391113
589,0.0016787062165461246,0.0019170571751657608,0.0005,0.775238037109375
590,0.0012851295794094675,0.0028997807581450587,0.0005,0.8453941345214844
591,0.0009757294883891996,0.0014203837095280835,0.0005,0.8536210060119629
592,0.0016014604421736754,0.003337494683912571,0.0005,0.767324686050415
593,0.0015742400556179085,0.002980189666617888,0.0005,0.7915213108062744
594,0.0016528384952851527,0.002722875798861337,0.0005,0.779430627822876
595,0.001551502975876366,0.0024218974903278527,0.0005,0.7432336807250977
596,0.0011198658907608592,0.004845105160668292,0.0005,4.3848206996917725
597,0.001198152692024361,0.002001913609893613,0.0005,0.7918417453765869
598,0.0012840625547196436,0.0014699102653936787,0.0005,0.7991044521331787
599,0.002413907170466218,0.007310598122842491,0.0005,0.792346715927124
600,0.0012561986261525706,0.002150307047282238,0.0005,0.7713873386383057
601,0.0018277752306332298,0.0021768651823102407,0.0005,0.7917871475219727
602,0.001435969957428119,0.0016892286187530055,0.0005,0.8250308036804199
603,0.0022254433872334087,0.002069100059804075,0.0005,0.7940182685852051
604,0.0014767777888126082,0.002295189067345911,0.0005,0.7616965770721436
605,0.0011961686819007772,0.0025784291751354813,0.0005,0.8039097785949707
606,0.00175423645572385,0.0019032175087895114,0.0005,0.8113417625427246
607,0.0011542693525267613,0.00171612232896446,0.0005,0.7875702381134033
608,0.0016641112023916352,0.0012888682932879615,0.0005,1.075364589691162
609,0.001738500468195841,0.005033530842085091,0.0005,0.874783992767334
610,0.0013861184242483623,0.0022875194739445906,0.0005,0.7524664402008057
611,0.001569344349965006,0.0024216433345096945,0.0005,0.7947587966918945
612,0.0011012088443333012,0.0018908872199915445,0.0005,0.74796462059021
613,0.0009762812465514386,0.0013382743096547031,0.0005,0.8061556816101074
614,0.0009176757093251972,0.0012644873207353633,0.0005,0.8323957920074463
615,0.001080052761215106,0.0013186502456913282,0.0005,0.7654452323913574
616,0.001652624552038357,0.0011028917151179923,0.0005,0.8824462890625
617,0.0013313376981287988,0.0018479285929306594,0.0005,0.820688009262085
618,0.0016956742374557494,0.0025688391799803295,0.0005,0.9637949466705322
619,0.002839647081887611,0.0027661764607070003,0.0005,0.9989604949951172
620,0.0012011758362320565,0.001895520560239511,0.0005,0.8936171531677246
621,0.002306354270244047,0.001929728480004512,0.0005,0.8621270656585693
622,0.0009438966430043551,0.0016737337796255524,0.0005,0.871854305267334
623,0.0019348331720480862,0.001540054071163107,0.0005,0.9016323089599609
624,0.002479433917237851,0.0012399983848789195,0.0005,0.9486267566680908
625,0.0015831552764385645,0.0009850009505672813,0.0005,0.7701265811920166
626,0.0011561556252961207,0.0010099670438428845,0.0005,0.8806865215301514
627,0.0009278224576948289,0.0012023873554785423,0.0005,0.7644941806793213
628,0.0012927548590623012,0.0012970901970546843,0.0005,0.830348014831543
629,0.0013765851966780793,0.0011552597090508957,0.0005,0.7810912132263184
630,0.0009771105109120056,0.0011011419717832148,0.0005,0.8068559169769287
631,0.0011540306118631694,0.001462533120092829,0.0005,0.7733216285705566
632,0.0019192696777865477,0.001592830679738019,0.0005,0.7475576400756836
633,0.0013763213278634883,0.001410603466125616,0.0005,0.7805111408233643
634,0.0011497410237357555,0.003404188507518451,0.0005,0.8151111602783203
635,0.002104197981351921,0.0018282729276752722,0.0005,4.449028015136719
636,0.0008678637374873752,0.0013555615263500492,0.0005,0.7679131031036377
637,0.0011283797802291136,0.004045447758317407,0.0005,0.8258357048034668
638,0.00135875228278961,0.0021759000168412776,0.0005,0.795710563659668
639,0.0015302993771215152,0.0008568721511718406,0.0005,0.7884209156036377
640,0.001379801905288097,0.0014823706375839585,0.0005,0.8276691436767578
641,0.0013426867447349957,0.0023603916555778883,0.0005,0.9127364158630371
642,0.001535230293850874,0.0015315155255508706,0.0005,0.7703051567077637
643,0.0012144127211867648,0.0012047491041382277,0.0005,0.7920746803283691
644,0.0009414274584965284,0.003408741227916436,0.0005,0.8013758659362793
645,0.0008755422500353576,0.0010757881132578933,0.0005,0.8129324913024902
646,0.0010830312860011524,0.001709305804109234,0.0005,0.8529331684112549
647,0.0012356631690362662,0.0019028334554658148,0.0005,0.7608246803283691
648,0.0008642218625763115,0.00166437947678494,0.0005,0.7591671943664551
649,0.001408940484589591,0.0015551897146148512,0.0005,0.7924976348876953
650,0.0022653336143821866,0.0015126543012319007,0.0005,0.7941172122955322
651,0.0010934544224053162,0.0013938562480228821,0.0005,0.8891723155975342
652,0.0013782020914441966,0.0016239520989826566,0.0005,0.7689909934997559
653,0.0012287410980972955,0.0011484545667875012,0.0005,0.7790389060974121
654,0.001048246330877317,0.0016823380321117835,0.0005,0.7933251857757568
655,0.0010323699023879745,0.001562013845273513,0.0005,0.794933557510376
656,0.00106598032524068,0.001072090420620902,0.0005,0.7749483585357666
657,0.0010646705584938284,0.0044899392310615484,0.0005,0.8492717742919922
658,0.0011815476342999674,0.0013230572714180789,0.0005,0.8193237781524658
659,0.001064833306139489,0.0013121179541721567,0.0005,0.7799437046051025
660,0.001318616986321651,0.0016846549570969588,0.0005,0.8031206130981445
661,0.0011611846666667416,0.001326108089966453,0.0005,0.774057149887085
662,0.0022361503640478935,0.0043020208911002545,0.0005,0.952242374420166
663,0.0010294707740530957,0.0012341442069887841,0.0005,0.838477373123169
664,0.0011832154150675915,0.0020920777497631183,0.0005,0.816481351852417
665,0.001414587083125757,0.0016881698618816012,0.0005,0.7633037567138672
666,0.0009712905856110292,0.0015494325698047963,0.0005,0.7361102104187012
667,0.002175099826779583,0.002110694618741128,0.0005,0.7980926036834717
668,0.002367441046100086,0.002712429481593114,0.0005,0.7437174320220947
669,0.0011267452421477818,0.001570842516904713,0.0005,0.8653912544250488
670,0.0010548122003809018,0.0015470530991796027,0.0005,0.7731397151947021
671,0.0011776192523146615,0.0018351125005957865,0.0005,0.8799824714660645
672,0.00198908041018228,0.0015134521638721357,0.0005,0.7905597686767578
673,0.0011428394992197518,0.0019863188661952565,0.0005,0.7955400943756104
674,0.0013561794986608991,0.002236039403441288,0.0005,0.7896556854248047
675,0.0009024039743217304,0.0013517540608500545,0.0005,4.343936204910278
676,0.0008107951651040318,0.0020528075364861487,0.0005,0.8026120662689209
677,0.0011779950888919392,0.0014126320043905637,0.0005,0.8185741901397705
678,0.0016466423031770703,0.0024517587250780406,0.0005,0.804600715637207
679,0.0015598657783790076,0.0015865383547188966,0.0005,0.7656455039978027
680,0.0009043204469758123,0.0028808568072467024,0.0005,0.8195526599884033
681,0.0015085745969459642,0.0023205383711688886,0.0005,0.8204143047332764
682,0.0008438228695663585,0.0018703199920793384,0.0005,0.9400243759155273
683,0.0007689755434500371,0.0012988774281706408,0.0005,0.7915148735046387
684,0.0008522446646681736,0.0013829305895228967,0.0005,0.7728574275970459
685,0.000900231387561095,0.0032896275191136425,0.0005,0.7633285522460938
686,0.0017532709014058622,0.0037199297933799063,0.0005,0.7762119770050049
687,0.0012833432550692558,0.0004365157276522744,0.0005,0.8055946826934814
688,0.001816112518687762,0.002756272264222022,0.0005,0.7797536849975586
689,0.003617926964945331,0.0017408198261830439,0.0005,0.7596797943115234
690,0.0014904676886880496,0.0022247309882167357,0.0005,0.8181698322296143
691,0.0012301161979082651,0.001522549504393516,0.0005,1.0152382850646973
692,0.001127354097095669,0.0012274839769100816,0.0005,0.9060509204864502
693,0.0014146967218143952,0.0011636152811705313,0.0005,0.8519842624664307
694,0.0020845898822076897,0.0015194799107106978,0.0005,0.852877140045166
695,0.0010143315949829425,0.0013114881934334877,0.0005,0.9069347381591797
696,0.0009310823006714607,0.001775654714067395,0.0005,0.9185748100280762
697,0.0009638144163253965,0.0022715670875562005,0.0005,0.7644574642181396
698,0.0007024982514286347,0.001709838207461634,0.0005,0.769099235534668
699,0.0008907135874392031,0.0014825880252017005,0.0005,0.7900843620300293
700,0.0009716582977611384,0.0016197846566012705,0.0005,0.7708950042724609
701,0.0013031889994376432,0.0023295794924605177,0.0005,0.8060195446014404
702,0.001423011332785728,0.001792124179741635,0.0005,0.8263342380523682
703,0.0015878989133990117,0.0029097362460893295,0.0005,0.821570873260498
704,0.002345214758307041,0.002914792917430399,0.0005,0.7683620452880859
705,0.0010588035857337717,0.001724122564561883,0.0005,0.8171727657318115
706,0.0009894665626435232,0.00330978564182035,0.0005,0.7948014736175537
707,0.0012496986506520434,0.001783450754447234,0.0005,0.7517335414886475
708,0.0011183042676438828,0.002391133614314625,0.0005,0.766746997833252
709,0.0008349150475142598,0.0012594116470867269,0.0005,0.7762279510498047
710,0.001082997780263472,0.0013765468580038062,0.0005,0.7541155815124512
711,0.0011016524747305483,0.004120326374019922,0.0005,0.7873415946960449
712,0.001029861879307591,0.0013434988405630368,0.0005,0.7701985836029053
713,0.0009307658335245311,0.001572481626848771,0.0005,0.910804271697998
714,0.0008953002639188407,0.0017089362956895268,0.0005,4.430307388305664
715,0.0007937535290516137,0.004000200929619928,0.0005,0.7700393199920654
716,0.003143032249312235,0.0013584298137911607,0.0005,0.798485517501831
717,0.0014559951024784629,0.0017950265634021723,0.0005,0.8140726089477539
718,0.0006970503405999586,0.0012141614788259384,0.0005,0.7912392616271973
719,0.001847270858399537,0.0014992475580069887,0.0005,0.7965030670166016
720,0.0009725665389369707,0.0015269993554285393,0.0005,0.7659738063812256
721,0.0011028752497065123,0.002101018629040471,0.0005,0.7495789527893066
722,0.001048907480593673,0.0016261865952258022,0.0005,0.8151116371154785
723,0.001179539364723329,0.004781253740131705,0.0005,0.7863070964813232
724,0.0007241341836257845,0.003257316649420854,0.0005,0.906329870223999
725,0.0009639840188276319,0.004086232625091387,0.0005,0.7861423492431641
726,0.0008184925125367032,0.0021074211730886566,0.0005,0.8127565383911133
727,0.0011269100115461192,0.0017286343508796681,0.0005,0.7723653316497803
728,0.001373487003280789,0.0022065806712858963,0.0005,0.7671282291412354
729,0.0018070497852243647,0.003055276669375251,0.0005,0.8228161334991455
730,0.0010889030318288729,0.009946839478867412,0.0005,0.7983016967773438
731,0.0016005324385495736,0.002770993514948411,0.0005,0.7702298164367676
732,0.0011823695984577972,0.0017760894039328607,0.0005,0.822446346282959
733,0.0012331525312350424,0.0013436069183876292,0.0005,0.7776751518249512
734,0.0009781926223862531,0.0021441192335992913,0.0005,0.7877020835876465
735,0.0009252676067185842,0.0021818032223838383,0.0005,0.9589602947235107
736,0.0010073966403010097,0.0014548504494842033,0.0005,0.8141260147094727
737,0.001290466516933144,0.0020676957136565055,0.0005,0.8061256408691406
738,0.001526643441447208,0.0012149480016237788,0.0005,0.7750003337860107
739,0.0013535808608220443,0.0011450520830337217,0.0005,0.7906215190887451
740,0.0009441264885361743,0.004178865090202342,0.0005,0.8113820552825928
741,0.0013483749548715987,0.003975106048396775,0.0005,0.7509393692016602
742,0.002675599275783954,0.002005760068191152,0.0005,0.7917602062225342
743,0.0009579592965965121,0.003169339486343408,0.0005,0.8405582904815674
744,0.0010531995950060558,0.0026304910250122054,0.0005,0.7634766101837158
745,0.002387284542186909,0.0019601463181894434,0.0005,0.8047487735748291
746,0.002863048777089798,0.006658691866520203,0.0005,0.7652530670166016
747,0.0030678713932529673,0.005262074373992763,0.0005,0.788445234298706
748,0.0014113101036256606,0.0023776858429499824,0.0005,0.8071272373199463
749,0.0012656649057324503,0.0016962447852788126,0.0005,0.7815368175506592
750,0.001422093449046955,0.0016017194939212229,0.0005,0.8082878589630127
751,0.0024044772401755755,0.00275654348399897,0.0005,0.7675232887268066
752,0.0010256723888565288,0.00363504112192898,0.0005,0.7854230403900146
753,0.0013170618985206847,0.004743566403211386,0.0005,0.7943301200866699
754,0.0006937673866365342,0.003840867975881997,0.0005,4.363214731216431
755,0.001106919730270608,0.005584635070275924,0.0005,0.7872529029846191
756,0.0011968843153109415,0.0015199916382758515,0.0005,0.8127062320709229
757,0.0007967814255207357,0.0049222273324498415,0.0005,0.855004072189331
758,0.0011771838623992454,0.0013612004579475255,0.0005,0.8919022083282471
759,0.0007877781187170282,0.002564661883567761,0.0005,0.8123440742492676
760,0.0010719085823075298,0.003087560088332642,0.0005,0.9364848136901855
761,0.0016043401497133189,0.006318236160071092,0.0005,0.8509964942932129
762,0.0010801761777987885,0.004606281211062068,0.0005,1.1840076446533203
763,0.001031807005998548,0.0013642735677990615,0.0005,0.9814658164978027
764,0.000991125609594386,0.001614339893321999,0.0005,0.9429471492767334
765,0.0010021262053737936,0.0026248681063618276,0.0005,0.9833674430847168
766,0.0009063942111595732,0.0027383571568702684,0.0005,0.9842369556427002
767,0.0009938058821501049,0.002644265838737389,0.0005,0.9404585361480713
768,0.0013056590624825446,0.0021665809942310204,0.0005,0.9698984622955322
769,0.0008246435055928557,0.0025071491562914717,0.0005,0.9353768825531006
770,0.0008771829266182629,0.002208038701083385,0.0005,0.9244685173034668
771,0.0011467065997790066,0.0015358363899696317,0.0005,0.9077045917510986
772,0.0011198438162895292,0.007554459604402733,0.0005,0.885549783706665
773,0.0009149292967555925,0.002703816484204217,0.0005,0.9233109951019287
774,0.0009216445210147851,0.003679781110925582,0.0005,1.0190536975860596
775,0.000991268348809275,0.0026754434139376975,0.0005,0.7717347145080566
776,0.0016383313377088132,0.0024281058716533964,0.0005,0.7797818183898926
777,0.0011109199534126099,0.006934491215374596,0.0005,0.7519721984863281
778,0.001559872096200231,0.0016088278440746936,0.0005,0.7739622592926025
779,0.000950109873251141,0.0016645864879002324,0.0005,0.8154568672180176
780,0.000927341870685559,0.0026681939345158715,0.0005,0.788970947265625
781,0.0009331070675244127,0.002161840154949151,0.0005,1.0140211582183838
782,0.0019192600028169265,0.0032811760076388616,0.0005,0.8557264804840088
783,0.0011993839805198644,0.0041451624779755974,0.0005,0.8289341926574707
784,0.0012087062107154001,0.0058755307855846645,0.0005,0.819420337677002
785,0.0014005016024338016,0.001917109746556813,0.0005,0.79842209815979
786,0.0023391833655546958,0.0011864736092635135,0.0005,0.8038396835327148
787,0.0010310711706697975,0.0013865015967289747,0.0005,0.8005483150482178
788,0.0007877616149703054,0.0016067824699066658,0.0005,0.7639882564544678
789,0.0011401052979765809,0.0019959034703173123,0.0005,0.7910475730895996
790,0.0010809011218312762,0.0016845782303006288,0.0005,0.8114583492279053
791,0.0009136485251589891,0.0025299795446942497,0.0005,4.4331183433532715
792,0.003013330462905709,0.0021899240737104225,0.0005,0.7936875820159912
793,0.0018388768240659632,0.0011581276215908108,0.0005,0.8073840141296387
794,0.0013074214399863187,0.0011900978042547908,0.0005,0.8612334728240967
795,0.0007763690690153381,0.0014472056274636603,0.0005,0.9136245250701904
796,0.0007034229147506178,0.001326673251544708,0.0005,0.9402992725372314
797,0.0019349394606713757,0.0009885221527585004,0.0005,0.8343610763549805
798,0.0010530291686304146,0.0016980244499917659,0.0005,0.8029079437255859
799,0.0010476030661502776,0.0008195313300832471,0.0005,0.8543655872344971
800,0.0013135638104707806,0.0006525946920163635,0.0005,0.8900220394134521
801,0.0011269780196099108,0.0017388789132191673,0.0005,1.074857234954834
802,0.0006685770448543783,0.0006849397740084186,0.0005,1.253859519958496
803,0.0007272263961006308,0.0012724114943462041,0.0005,1.6537723541259766
804,0.0010779785973088285,0.0046286467418772655,0.0005,1.2664766311645508
805,0.0009449478141884066,0.0029921991791380777,0.0005,1.071596384048462
806,0.0014152787780256986,0.001621293534470383,0.0005,0.8671286106109619
807,0.0012846974171754754,0.000904550261383168,0.0005,0.8424293994903564
808,0.0010769606337501353,0.002004970505774032,0.0005,0.9774973392486572
809,0.0014042512940543534,0.0024212956361777485,0.0005,0.8950254917144775
810,0.000768173646941329,0.0017377873736643629,0.0005,0.928072452545166
811,0.0010058695212901612,0.0017842337710092173,0.0005,0.8038513660430908
812,0.0006836730487733362,0.002469186464919921,0.0005,0.8080315589904785
813,0.0015547376180791931,0.0038089024361560174,0.0005,0.7740445137023926
814,0.002548333242960308,0.00278654400247406,0.0005,0.7930920124053955
815,0.0018517614701975141,0.002562861469862535,0.0005,0.8526606559753418
816,0.0016519528054064014,0.001777020495782978,0.0005,0.8789999485015869
817,0.0015387081561085516,0.001787699993755083,0.0005,0.9525511264801025
818,0.0008649760634724405,0.0028507550927394446,0.0005,0.862058162689209
819,0.0011744802935891186,0.007752288010470184,0.0005,0.9267730712890625
820,0.0010965635548269752,0.003077440441446794,0.0005,0.9618790149688721
821,0.0010578830615971286,0.002583933816708549,0.0005,0.9415946006774902
822,0.0008511870929588298,0.006303202699248385,0.0005,0.8486967086791992
823,0.0010004810261787127,0.001369141525865962,0.0005,0.8535552024841309
824,0.00124856307462366,0.0019946136348603536,0.0005,0.8765342235565186
825,0.0006959970375164918,0.0010730096229864606,0.0005,4.55574369430542
826,0.0012309339173807482,0.0060077854395015765,0.0005,1.066258192062378
827,0.0011104115560263458,0.0014149799102180659,0.0005,0.8937742710113525
828,0.0008556012426246009,0.0009923262206298464,0.0005,0.8576741218566895
829,0.0010106583270071674,0.0013868810330306253,0.0005,1.1474909782409668
830,0.0013507168378552748,0.0015465907279363568,0.0005,0.9900662899017334
831,0.0010211961965321114,0.0066066451522841475,0.0005,0.9434187412261963
832,0.0009469912263787679,0.0035810065093767637,0.0005,0.9543311595916748
833,0.0010398890505847339,0.0016997628180883237,0.0005,0.9688684940338135
834,0.0009718650504525948,0.005327838544274073,0.0005,0.7958555221557617
835,0.0009391904066811649,0.0027727411616426828,0.0005,0.8082032203674316
836,0.001052314236337599,0.0013966489878266062,0.0005,0.7961077690124512
837,0.0008889127861360166,0.0014888355373924266,0.0005,0.7511355876922607
838,0.0007772417212896705,0.0019976773915724986,0.0005,0.7824409008026123
839,0.0012826443515536376,0.0054049877505678145,0.0005,0.8539447784423828
840,0.0012143308924348012,0.004959175811748635,0.0005,0.7927155494689941
841,0.001317165662351538,0.0009733864551844527,0.0005,1.2317783832550049
842,0.0009282011603733567,0.0024084490382001015,0.0005,1.022498607635498
843,0.0008169009948711197,0.00486723262075078,0.0005,1.3525567054748535
844,0.0012058109720235928,0.00246581485881422,0.0005,0.867218017578125
845,0.001411657667492125,0.003550591082475345,0.0005,0.8952867984771729
846,0.000973797685108751,0.003995200748419512,0.0005,0.7921133041381836
847,0.0017740286276216389,0.0029789328076526797,0.0005,0.8549730777740479
848,0.0009439745914901347,0.0013970349028074867,0.0005,0.8422961235046387
849,0.0010796644838991568,0.005361845444937548,0.0005,0.8977577686309814
850,0.0011615310602156798,0.0034050023115808122,0.0005,0.8559315204620361
851,0.0010695392669866786,0.0019662518324991742,0.0005,0.8333320617675781
852,0.0008462202145179323,0.0019403764158594065,0.0005,0.8016517162322998
853,0.0009598002223619788,0.002278894349782376,0.0005,0.7946209907531738
854,0.0008319176615126433,0.002009530454529888,0.0005,0.7489364147186279
855,0.001935357822506306,0.001394953539851479,0.0005,0.8945541381835938
856,0.0008742860630702272,0.001892369667433474,0.0005,2.2129549980163574
857,0.0008217219213850443,0.00190155380850358,0.0005,1.0301849842071533
858,0.001420888407828063,0.0018328409665225415,0.0005,0.9467132091522217
859,0.0007103835539405738,0.0018576919048020216,0.0005,4.434527397155762
860,0.0006954835321457144,0.001532661483669969,0.0005,0.8164598941802979
861,0.0009112710913856915,0.004748785787677211,0.0005,0.9221832752227783
862,0.0017215095018604488,0.0026712686048805607,0.0005,1.510437250137329
863,0.0013818673419866956,0.0016165908019028974,0.0005,1.0725531578063965
864,0.0007166826517067558,0.0013741233778180929,0.0005,0.8336586952209473
865,0.0010624264315785379,0.0015389362022382358,0.0005,0.9339230060577393
866,0.0009949100776532641,0.0025191454322327916,0.0005,0.8043067455291748
867,0.000769189831899906,0.0016308917875024922,0.0005,1.0223979949951172
868,0.001478713083825469,0.0016311312420370198,0.0005,1.9161007404327393
869,0.0019765628749437414,0.0016145763704942253,0.0005,1.2659220695495605
870,0.0008299450100717098,0.0021053831803681507,0.0005,1.0266032218933105
871,0.0006456376400119402,0.003867090680381269,0.0005,0.873356819152832
872,0.0010753497863217483,0.0015553293809944038,0.0005,1.076507568359375
873,0.0008629424433793566,0.0015353838420863587,0.0005,1.7236733436584473
874,0.000839431864488985,0.002769363966605141,0.0005,1.4690980911254883
875,0.00215105809736419,0.004189443682540224,0.0005,1.3967206478118896
876,0.0009123998289451366,0.0019090245023176123,0.0005,1.1320316791534424
877,0.0020824541847451463,0.0022911360650114975,0.0005,1.1849989891052246
878,0.0008722643722345591,0.00339648199835902,0.0005,1.3863437175750732
879,0.000874072398386552,0.001064843719996476,0.0005,1.0095117092132568
880,0.0018004423757188393,0.0011241861758017383,0.0005,0.9493329524993896
881,0.0007589957441026718,0.0025078857719157337,0.0005,1.1435790061950684
882,0.0008652146574769734,0.0025334178568716587,0.0005,1.1343951225280762
883,0.0008151013350064156,0.003945619841010291,0.0005,1.0687181949615479
884,0.000915704301982144,0.0017774339709940475,0.0005,0.9491913318634033
885,0.0008729712025632615,0.0049398713746584225,0.0005,0.9046103954315186
886,0.0008511487662913361,0.003986124748889515,0.0005,0.9802727699279785
887,0.0009084987135216115,0.003082092892454764,0.0005,0.9749271869659424
888,0.001048139336031523,0.0043804891229873326,0.0005,4.447438478469849
889,0.0012780137560678435,0.0037573663772839157,0.0005,0.9816856384277344
890,0.0012769589156956195,0.0031772264385248276,0.0005,0.7902929782867432
891,0.0009503638021039193,0.0033440238617346726,0.0005,1.0155763626098633
892,0.0007689866018964032,0.00705487910356664,0.0005,0.8180797100067139
893,0.0005702488928435675,0.002578139768534975,0.0005,0.9168186187744141
894,0.002225823838568671,0.0028309160198827497,0.0005,0.7965121269226074
895,0.0011981861304147657,0.0019583198332397745,0.0005,0.8164730072021484
896,0.0009544266726757059,0.001455660516939665,0.0005,0.8971695899963379
897,0.0007698816942323126,0.0013691591491184762,0.0005,1.2341899871826172
898,0.0007568929642661201,0.0016702554094376917,0.0005,0.8281314373016357
899,0.0007308645033750233,0.0015320434562888295,0.0005,0.7862989902496338
900,0.0007949122887200403,0.0013288063084792331,0.0005,0.787837028503418
901,0.0009223587467030576,0.007058563961310838,0.0005,0.947847843170166
902,0.0008808494972784267,0.004019599469880273,0.0005,1.0649292469024658
903,0.0009608507812912434,0.0017136039643519498,0.0005,1.043541431427002
904,0.0007804580390159085,0.0014329975166944766,0.0005,0.8203823566436768
905,0.0008013647118083904,0.0013886187093438162,0.0005,0.8659162521362305
906,0.001506976876329113,0.0017747892540679539,0.0005,1.0989012718200684
907,0.0008518610849732069,0.003084396158141724,0.0005,0.9424104690551758
908,0.0006978444582348086,0.0036019355974221206,0.0005,0.8163013458251953
909,0.0009645978885787889,0.0016266136507698992,0.0005,0.8830752372741699
910,0.001513163170390304,0.0037058688520822574,0.0005,0.865973949432373
911,0.0028116378087895215,0.0049277419829786345,0.0005,0.8568539619445801
912,0.0010082295467495673,0.006639275526701734,0.0005,0.8283073902130127
913,0.0006571427011564354,0.0058901324919790376,0.0005,0.7604305744171143
914,0.0006935517667925692,0.0016683400739659082,0.0005,1.0172383785247803
915,0.002272584531868845,0.002039859322786101,0.0005,0.7996382713317871
916,0.0011504564267419161,0.002277021309432593,0.0005,0.7867369651794434
917,0.0006388615819440974,0.005659223664455189,0.0005,0.8506572246551514
918,0.0006278087765952624,0.0014882966330058212,0.0005,0.7947380542755127
919,0.0009198442723150139,0.0014693324092180892,0.0005,1.0756559371948242
920,0.0007444964390419708,0.0016317075795389624,0.0005,0.8317184448242188
921,0.0027471256808235516,0.003704638633444989,0.0005,0.8042042255401611
922,0.0010053325920205407,0.0041181195155908625,0.0005,0.852240800857544
923,0.0010587621125300272,0.0018351410738869439,0.0005,0.809175968170166
924,0.0007548269500125145,0.002246509596143464,0.0005,4.519424915313721
925,0.0006338546055633604,0.0012005976993178084,0.0005,0.8228724002838135
926,0.0008858691306931997,0.0020651637402876355,0.0005,0.8934893608093262
927,0.0011436023501342888,0.0019044995558225712,0.0005,1.2094764709472656
928,0.0010777542861540007,0.004236523932474649,0.0005,1.1271252632141113
929,0.003320582129995775,0.00948473654425364,0.0005,0.991926908493042
930,0.001711240524028839,0.0013904939803650025,0.0005,1.1630938053131104
931,0.0009918717346001807,0.0009152266674808188,0.0005,2.268416166305542
932,0.0010907119085194965,0.0008327891536417107,0.0005,0.9034948348999023
933,0.0010968948681619657,0.0024052140974731044,0.0005,0.9127707481384277
934,0.001878411894651392,0.000933590938154741,0.0005,0.9094803333282471
935,0.0007637221489289804,0.0010477608002359754,0.0005,0.9089963436126709
936,0.0008211584444719841,0.0009848094309411566,0.0005,0.9667003154754639
937,0.000941065109707806,0.0011212176264651316,0.0005,1.0529236793518066
938,0.0012549940335472812,0.0011854348777150367,0.0005,0.9473471641540527
939,0.0012435470416157209,0.0011136782010487615,0.0005,1.15201997756958
940,0.0023014411718659056,0.0026843999562932925,0.0005,1.266829252243042
941,0.0007715025587081222,0.000953346561222325,0.0005,1.0131809711456299
942,0.0010141618229071666,0.0011746698602054244,0.0005,1.581984043121338
943,0.0034153010365353354,0.0014444786107008654,0.0005,1.3951032161712646
944,0.000998797144771065,0.0010838164049284536,0.0005,1.1740264892578125
945,0.0010375555542507047,0.0021813778800895507,0.0005,1.5729515552520752
946,0.0010911607190315718,0.001382911902294787,0.0005,1.322828769683838
947,0.0008010978938937863,0.0019496980410580672,0.0005,1.0862622261047363
948,0.0008209279373052203,0.0009206690636269569,0.0005,1.0101292133331299
949,0.0010256704532516285,0.0006717414992532756,0.0005,0.9180917739868164
950,0.001022192370690376,0.0008375288717844494,0.0005,1.0633234977722168
951,0.0007210716014938529,0.0034239724295054884,0.0005,1.0623443126678467
952,0.0007759898933316058,0.0017450741923979917,0.0005,4.606832265853882
953,0.0010166517713950372,0.0019826994722162874,0.0005,0.9931378364562988
954,0.0008942768966891127,0.0017282692740445819,0.0005,0.8642733097076416
955,0.0019380406478866608,0.0018583158482830858,0.0005,1.3004443645477295
956,0.0011247749961805823,0.0018551701805698457,0.0005,0.9975481033325195
957,0.0007925297262004095,0.001162137013508084,0.0005,0.9062516689300537
958,0.000773330598419554,0.0010713696670295834,0.0005,1.013446569442749
959,0.000472034854408841,0.0012120654491927028,0.0005,0.9392499923706055
960,0.000489047194507233,0.0011361210473707977,0.0005,1.1360859870910645
961,0.0006692172614479532,0.0011206729637137118,0.0005,0.8836669921875
962,0.0007611961121879943,0.0014544830795178573,0.0005,0.875706672668457
963,0.0006449496497474074,0.0022309270892417184,0.0005,0.9686343669891357
964,0.0007886214402393298,0.004522575809074192,0.0005,0.9705567359924316
965,0.0010262319418225443,0.001622609610848487,0.0005,0.9187629222869873
966,0.002197210784611607,0.0012496903444517875,0.0005,0.9221539497375488
967,0.0015533077861865667,0.0018658932879628705,0.0005,0.9364039897918701
968,0.0008827213429812267,0.0018803447088590983,0.0005,0.9221541881561279
969,0.0014794062311881393,0.0016806989137102837,0.0005,0.9108047485351562
970,0.0015039351082982307,0.001895659201087373,0.0005,0.9261541366577148
971,0.0013127266545098907,0.0027972820766435356,0.0005,0.9183821678161621
972,0.000854535058171466,0.0031122648708593365,0.0005,0.9270141124725342
973,0.0006853461417607443,0.002282670286257252,0.0005,0.902165412902832
974,0.0006445599690408332,0.0019163042936763827,0.0005,0.9909229278564453
975,0.0007832864393570277,0.0017455793241476151,0.0005,0.9042632579803467
976,0.0006157993454776275,0.0025956344792260767,0.0005,0.9001500606536865
977,0.0007085767394717307,0.0010404434732872094,0.0005,0.8772895336151123
978,0.0006186746247924885,0.0010057741758521168,0.0005,0.9059348106384277
979,0.0008058372878372398,0.0029089291021305685,0.0005,0.9184298515319824
980,0.0007032402298828927,0.004134275310416029,0.0005,0.8506731986999512
981,0.0018568548330386062,0.002448494639414557,0.0005,0.8618319034576416
982,0.0022057848331399122,0.0009596944377131202,0.0005,0.8722572326660156
983,0.001351732364441296,0.002369598782520473,0.0005,0.9253778457641602
984,0.002019484811130609,0.0030395178745661233,0.0005,0.9834311008453369
985,0.0008082375498336096,0.0029016944885435062,0.0005,0.8113253116607666
986,0.0016673192267195214,0.0012494886341510379,0.0005,4.454107761383057
987,0.0005771020572181949,0.001325708087676603,0.0005,0.794743537902832
988,0.0008556229910647549,0.0012288332513803338,0.0005,0.771806001663208
989,0.0008177581231740539,0.001757709332441164,0.0005,0.7622857093811035
990,0.000572338832763899,0.006828117790426924,0.0005,0.7708408832550049
991,0.0009482973172743236,0.00571899924411971,0.0005,0.7984216213226318
992,0.0022590006647450708,0.003405354972790611,0.0005,0.7877428531646729
993,0.0011870141247085277,0.0012814227863651776,0.0005,0.8667161464691162
994,0.001697288126608672,0.003642982046124404,0.0005,0.7581472396850586
995,0.0016303826645397946,0.00478366694011777,0.0005,0.8049285411834717
996,0.003195324209640973,0.001636322912982133,0.0005,0.8627731800079346
997,0.0007144319230885258,0.002603409399302834,0.0005,0.749500036239624
998,0.0006674793826495425,0.001717892378297316,0.0005,0.7611382007598877
999,0.0008820024529180428,0.0030019963890174093,0.0005,0.7743475437164307
1000,0.001824656852183872,0.0020424201924376766,0.0005,0.7989990711212158
1001,0.0008367103709242248,0.001947394997474914,0.0005,0.8294053077697754
1002,0.0010456155337537172,0.0055806259543026175,0.0005,0.9255430698394775
1003,0.0010758149275008817,0.003435170599302786,0.0005,0.8966825008392334
1004,0.0012420280759783244,0.007190009945824499,0.0005,0.9326844215393066
1005,0.0017026645392748429,0.00237043413397779,0.0005,1.113471269607544
1006,0.0006190356586742631,0.0017941217552553338,0.0005,1.0979413986206055
1007,0.0005644719656953082,0.003070082411700153,0.0005,0.9704675674438477
1008,0.0006233045130905778,0.0015939155174437836,0.0005,1.1607613563537598
1009,0.0008916948640942792,0.0021289363638139613,0.0005,1.3382253646850586
1010,0.0008887173789118345,0.002849147676294629,0.0005,1.3316113948822021
1011,0.0017822718169923945,0.001654441840351489,0.0005,0.9648561477661133
1012,0.0009035913445182871,0.003661510264454334,0.0005,2.650489330291748
1013,0.0007479326277818029,0.0046130076017770446,0.0005,1.422384262084961
1014,0.0007376826512847464,0.002481069614750142,0.0005,1.1423649787902832
1015,0.001003298024726697,0.0038218240996267814,0.0005,0.9433426856994629
1016,0.0008630918352804305,0.005124847099108082,0.0005,0.900172233581543
1017,0.0006783978127763337,0.003642357670327349,0.0005,0.9491596221923828
1018,0.0016483800523321422,0.0016641730415649036,0.0005,0.8894453048706055
1019,0.0009592882868973999,0.0010853050793300917,0.0005,4.649003744125366
1020,0.0006913115389521884,0.0010745276596864286,0.0005,0.7854063510894775
1021,0.0005632621608225378,0.0008149012248863312,0.0005,0.7748146057128906
1022,0.0007638490813079563,0.00124644971444673,0.0005,0.8093087673187256
1023,0.0009016074098725794,0.0010620728498270447,0.0005,0.8166775703430176
1024,0.0015295120680493893,0.0017491444440223423,0.0005,0.951427698135376
1025,0.0007978973811581991,0.001053854900160162,0.0005,1.514310598373413
1026,0.0009995972725994565,0.0009245505811702533,0.0005,1.1541969776153564
1027,0.0007363998876400899,0.0012023815833246147,0.0005,0.9234440326690674
1028,0.0008107871445607228,0.0013117234225928241,0.0005,0.8890435695648193
1029,0.0010133883454825701,0.0020985279716879877,0.0005,0.8895859718322754
1030,0.0006388469353582867,0.0012508306494217944,0.0005,0.778327465057373
1031,0.0013442150988394047,0.0030443929312261625,0.0005,0.7987494468688965
1032,0.0007312165954680104,0.0013528639369380102,0.0005,0.8196694850921631
1033,0.0007479348097339523,0.0016050517154513322,0.0005,0.7974557876586914
1034,0.0009391138922291782,0.0010323616765663963,0.0005,0.816439151763916
1035,0.0009335076733721146,0.002561757249809733,0.0005,0.7752110958099365
1036,0.0008217023570752108,0.0017158265609328518,0.0005,0.78920578956604
1037,0.0009635901058681239,0.006270320929142961,0.0005,0.770301103591919
1038,0.0010304543052064045,0.0015501715471799014,0.0005,0.7784090042114258
1039,0.0020107040154666174,0.00336416016871216,0.0005,1.0367581844329834
1040,0.001734323444325155,0.0053437258677114215,0.0005,1.284898042678833
1041,0.000764029060017072,0.003815164758001701,0.0005,0.8603737354278564
1042,0.0008783916585438007,0.0031222404644964596,0.0005,0.9718418121337891
1043,0.0005428026063400457,0.0017530849390061908,0.0005,0.8305313587188721
1044,0.0006969302632867702,0.004521704772241891,0.0005,1.0690422058105469
1045,0.0006923534378874216,0.0016363782519963476,0.0005,0.8532969951629639
1046,0.0010281789275080543,0.0016073996454501085,0.0005,0.7750306129455566
1047,0.0009166066622065699,0.0014050762414994451,0.0005,0.9170880317687988
1048,0.0005647248802931122,0.0014085379222428453,0.0005,0.8723177909851074
1049,0.0007527364285960243,0.0018954905597693826,0.0005,0.8757150173187256
1050,0.016482453692604947,0.0031124631145930735,0.0005,0.9646778106689453
1051,0.01108482532523809,0.003070312783071677,0.0005,0.8293843269348145
1052,0.0051923078088529475,0.005519730762853739,0.0005,0.8821709156036377
1053,0.004018489654717973,0.009192711697952657,0.0005,0.8232078552246094
1054,0.0014742427384344928,0.0015878122901721312,0.0005,0.7995877265930176
1055,0.0010320830667538846,0.002518033553711873,0.0005,4.4005372524261475
1056,0.0008405451359939324,0.0020790512530229565,0.0005,0.8229966163635254
1057,0.0011363562662196787,0.0018767844902816042,0.0005,0.8436775207519531
1058,0.0007915329259921475,0.0025380931559028904,0.0005,0.8373565673828125
1059,0.0013263021495017173,0.002508742385547886,0.0005,0.905648946762085
1060,0.0011795327704144515,0.002021455824647207,0.0005,0.8893258571624756
1061,0.0009300145318545864,0.0017607405378088437,0.00025,0.8167004585266113
1062,0.0007521972478552344,0.002587821473077136,0.00025,0.7745678424835205
1063,0.0007241551119921588,0.0019559715317887614,0.00025,0.8291902542114258
1064,0.0007959644039774129,0.001908872794737491,0.00025,0.9410519599914551
1065,0.0007424374385666746,0.0016264917219955956,0.00025,1.27988862991333
1066,0.0006800663785035267,0.0017196465678115628,0.00025,1.4729626178741455
1067,0.0007468148635217233,0.001640936057025308,0.00025,1.498769760131836
1068,0.000684744759300884,0.0016083749847143997,0.00025,1.0436291694641113
1069,0.0006202985089034141,0.001555045705884086,0.00025,1.000760793685913
1070,0.0008694021962264262,0.0027862428175154013,0.00025,1.0847198963165283
1071,0.0005364148725068769,0.002870617181252664,0.00025,0.8726100921630859
1072,0.0007661547531790192,0.001516794277372512,0.00025,1.0344953536987305
1073,0.0006721351770596323,0.0015282131265010482,0.00025,0.9275634288787842
1074,0.0006523298379324687,0.0014738229975410561,0.00025,0.9571971893310547
1075,0.0007356312252357214,0.0020957423226553424,0.00025,1.5824153423309326
1076,0.0005114095074071454,0.0031162745896310034,0.00025,1.149869680404663
1077,0.0005936518572331257,0.001403693168590736,0.00025,0.8367974758148193
1078,0.0009611097740448734,0.002158714591543126,0.00025,1.000131368637085
1079,0.0005382990715259126,0.0030796410980645336,0.00025,0.9716005325317383
1080,0.0008544504793908682,0.0023039181939534035,0.00025,0.8062992095947266
1081,0.0007843756526601819,0.0015941873223562501,0.00025,0.795616865158081
1082,0.0015752719220431621,0.0008020791835026778,0.00025,0.7950994968414307
1083,0.000773336842556884,0.0016926405617627477,0.00025,0.7715489864349365
1084,0.0007412304081095562,0.0017540814406502596,0.00025,0.8377273082733154
1085,0.0005173556628539597,0.0015936230205826143,0.00025,0.8018620014190674
1086,0.0005283316256477882,0.0012376861220720703,0.00025,0.7747807502746582
1087,0.000772355970243275,0.0018904241667621101,0.00025,0.750401496887207
1088,0.0005255751658920772,0.0010185389543067177,0.00025,4.405423879623413
1089,0.000645736633454967,0.0016519250292284374,0.00025,0.7791993618011475
1090,0.0004811658849547868,0.001375090707419244,0.00025,0.8120546340942383
1091,0.000392347618867789,0.0019226054312308579,0.00025,0.8938615322113037
1092,0.0008504165664273463,0.002738527410245231,0.00025,0.8049895763397217
1093,0.0005840591921302638,0.0009788473668226958,0.00025,0.8527746200561523
1094,0.0006806143421700072,0.0018805047495569283,0.00025,0.8526961803436279
1095,0.0005111854078626676,0.0013423900541783703,0.00025,0.8078899383544922
1096,0.00044553421601663,0.0022613652609927326,0.00025,0.7963037490844727
1097,0.0005631374826432281,0.0018567175606348937,0.00025,0.8625104427337646
1098,0.0006227494011786363,0.003143646614075361,0.00025,0.8135430812835693
1099,0.000598552547179622,0.0015903091221731254,0.00025,0.8122329711914062
1100,0.0006029318789587623,0.0014919962639274355,0.00025,0.8460631370544434
1101,0.0005727105353306129,0.0013057370483293394,0.00025,0.844228982925415
1102,0.0006502653359312555,0.0011825743519293375,0.00025,0.8930203914642334
1103,0.00075390341529971,0.0009808395928750885,0.00025,1.0662288665771484
1104,0.0005387811196544421,0.001194749789275397,0.00025,0.856173038482666
1105,0.0004901489879529153,0.0015584759790462832,0.00025,0.8335237503051758
1106,0.0004765353512975149,0.0015153196511290717,0.00025,0.8143987655639648
1107,0.0006176927067572295,0.004283197719773173,0.00025,0.7922728061676025
1108,0.00044618978819244094,0.002046729067176495,0.00025,0.793079137802124
1109,0.0005152002512264672,0.0025440378257614274,0.00025,0.798820972442627
1110,0.0006997607236601533,0.002291316647493148,0.00025,0.7398202419281006
1111,0.0005628358780801941,0.001955416539156234,0.00025,0.8076529502868652
1112,0.0007171092821764649,0.003268017104083811,0.00025,0.7750778198242188
1113,0.00043837879889623254,0.00137357106151079,0.00025,0.8064186573028564
1114,0.0006470985256701876,0.002128644643950134,0.00025,0.7862749099731445
1115,0.0006418823267278837,0.0031381899720403727,0.00025,0.8056459426879883
1116,0.0004528304531261295,0.0011358167993460349,0.00025,0.7993390560150146
1117,0.0005114018054192462,0.0012492179539824388,0.00025,0.7520163059234619
1118,0.0006111195437265384,0.0022256938242767883,0.00025,0.7838857173919678
1119,0.00045642134337594615,0.0011799814250922224,0.00025,0.8115267753601074
1120,0.0005590887681929591,0.0015187576361427137,0.00025,0.8000771999359131
1121,0.0003476824037587793,0.0012560749567402149,0.00025,0.8052701950073242
1122,0.00059889561437537,0.0014018153807652941,0.00025,0.7381455898284912
1123,0.0005583005478932513,0.0014636242013032852,0.00025,0.8096859455108643
1124,0.0005745342297874953,0.0010836062013354862,0.00025,0.775994062423706
1125,0.000578782381593457,0.0016105638283164323,0.00025,0.8564703464508057
1126,0.0006646077144900559,0.0016687336834335681,0.00025,0.7996194362640381
1127,0.0006035439322959609,0.0010286399077294249,0.00025,4.369987726211548
1128,0.0006356932027028442,0.001172904473176946,0.00025,0.749845027923584
1129,0.0005044353257071921,0.0011144282239424208,0.00025,0.8179962635040283
1130,0.0005315588892407237,0.0011064052768864864,0.00025,0.7626879215240479
1131,0.0008112507020364039,0.001692126814808554,0.00025,0.9491016864776611
1132,0.0005331910636168146,0.001315405917819741,0.00025,0.9953937530517578
1133,0.0005197654153213631,0.0016648174033024189,0.00025,0.8603906631469727
1134,0.0006087175942444552,0.002002510586042626,0.00025,0.8661284446716309
1135,0.00035119658800049505,0.0012422232008561652,0.00025,0.9609758853912354
1136,0.00039853409809172916,0.0018148604889812168,0.00025,1.0462772846221924
1137,0.0008013968618826038,0.003291479781595843,0.00025,0.8781399726867676
1138,0.0005533248141583968,0.0013993902490886125,0.00025,1.0973260402679443
1139,0.0007297234617103506,0.0026816793380976954,0.00025,0.9047322273254395
1140,0.0006144362098016828,0.002420883119116134,0.00025,0.8135075569152832
1141,0.0004550748435092298,0.00101492265151324,0.00025,0.815218448638916
1142,0.0004150328640054572,0.001335029451585396,0.00025,0.8345727920532227
1143,0.00046738165451882185,0.0023286421161245597,0.00025,0.9808192253112793
1144,0.0010100004078597577,0.0020052807331601787,0.00025,0.9574415683746338
1145,0.0007430638460104349,0.0013462720493881775,0.00025,0.9285836219787598
1146,0.0004466921946396621,0.0011998445911905703,0.00025,0.741358757019043
1147,0.00042760034354521315,0.0015968331080565038,0.00025,0.7876603603363037
1148,0.0005322110288700427,0.001215597973716246,0.00025,0.8336498737335205
1149,0.00044730202947575214,0.0018988984082241754,0.00025,0.7576994895935059
1150,0.0007713276662988113,0.0024854109359510657,0.00025,0.7771666049957275
1151,0.0006407839403049575,0.0012629827744516213,0.00025,0.7732479572296143
1152,0.006216234510795015,0.0012692513534165995,0.00025,0.8015749454498291
1153,0.0007384542284778157,0.0009465224257627642,0.00025,0.8245174884796143
1154,0.0004193245088961197,0.0011079229734632678,0.00025,0.8681809902191162
1155,0.0010915726445203645,0.0010406097390227127,0.00025,0.805300235748291
1156,0.0003898526509458384,0.0016178082010026701,0.00025,0.797508955001831
1157,0.0005551708948759487,0.0012457469202165627,0.00025,0.8960788249969482
1158,0.00047888266461300393,0.0017568754208306325,0.00025,0.9835143089294434
1159,0.0005087607952389033,0.0019230716804313546,0.00025,0.74088454246521
1160,0.0005326517522827286,0.001369354326260178,0.00025,0.7503950595855713
1161,0.0004263176392728702,0.0012131131091571183,0.00025,0.7951204776763916
1162,0.0006735111895883535,0.0013144409314340454,0.00025,0.7632179260253906
1163,0.0005387172287972498,0.0035904319472653003,0.00025,0.8044631481170654
1164,0.0004992458471837632,0.0013890463038381312,0.00025,0.7758693695068359
1165,0.0004399205155468982,0.0013056389244250374,0.00025,4.380934715270996
